residue,78 and 93,standard deviation
1,-3.2555370930729417,1.2768883549554728
2,25.58471440935521,3.8452134122487416
3,14.772378744238623,2.5912998030619794
4,-6.287395213714598,2.7898386153740558
5,-0.9307728681965625,1.683057873477041
6,-9.963227880662172,2.6297574842621008
7,-0.6175153140898916,1.8137996544862836
8,40.82890178384552,2.6160792495590597
9,-21.65104049501782,4.778976578449805
10,0.15222861448859173,0.3978497676355648
11,-1.8734619344331407,0.5075919689061457
12,0.22449045653678698,0.15893361264134298
13,0.19837719141925728,0.17011042861962658
14,-1.2516359944512851,0.38668109139068624
15,-0.701011500745807,0.17901965161085506
16,-3.126807232305888,1.8886374810268796
17,3.4020829558047594,0.18738666276720153
18,-1.630159463247552,0.3498973854948948
19,-2.8236903971065073,0.4571560306381939
20,8.609831630349843,0.3884497817765349
21,-4.169069771979167,5.10730588346892
