,78 and 93 - frame 122,78 and 93 - frame 124,78 and 93 - frame 126,78 and 93 - frame 128,78 and 93 - frame 130
residue 1,-2.3947457590882175,-4.253259692413584,-2.8783456456337273,-3.258740099613526,-4.5564710652557
residue 2,19.442685432034942,14.66209478231151,25.37678017308794,24.812998925449776,23.90931829765096
residue 3,9.764581514769812,18.43418971648995,16.39796252939408,19.66265809187864,10.27942018100148
residue 4,-8.86365129287592,0.4991846814731766,-3.137625297306288,-5.83008879164195,-4.439554581582823
residue 5,9.337756613721048,1.1124633272114206,-0.7950492957146151,-1.9218955722714033,-1.3816476846209502
residue 6,-10.355385511705762,-9.993565317807743,-11.356099479427415,-15.801529250296364,-7.02607885716606
residue 7,1.3009081935710753,-1.441568831627149,-2.5517826483232997,-3.883495947834081,-4.977890379626612
residue 8,42.528971607530735,33.42611115018336,39.15308992644656,34.2875740554813,41.88085049924598
residue 9,-33.9965291154473,-21.62606354632245,-16.939336216701584,-29.022480268253712,-23.16123894917731
residue 10,0.03954144441554826,0.29172414404649505,-0.031217907023604805,-0.2417359790342957,0.08448283537291895
residue 11,-2.0777410867610793,-1.5818341933226288,-2.987384089923188,-2.3208624432956144,-2.6872543839900906
residue 12,-0.028869830152983365,-0.007292619943963215,0.07364461097726263,-0.16656602873351123,0.03231381691415134
residue 13,-0.10290727597367193,0.08457541220974936,0.26949599205543634,0.44500198473834746,0.0529169675250356
residue 14,-1.4142585193695671,-1.111508761324194,-2.23497144808456,-0.71920920497937,-0.886541266842
residue 15,-0.8822118079367055,-0.7992543824779174,-0.6438341818869057,-0.6667375391128133,-0.8192556237277137
residue 16,-1.7352890885121555,-1.046699935086335,-3.3047169900387874,-0.1456494200356434,0.8792100146682772
residue 17,2.503772879614105,2.08366896479725,2.6816061469960353,2.389942133218572,3.072700062363091
residue 18,-1.1950599858836755,-1.9880755443637002,-1.3420123159830037,-1.743070060495095,-1.5562255050205254
residue 19,-1.8483480239362167,-3.0313850562541886,-1.7833769581589614,-2.2403359492508987,-2.89037760818951
residue 20,7.81692062587236,8.154967447751726,7.650573081242332,7.943611971238396,8.955251294455378
residue 21,12.08558231084792,4.212335292091701,-6.338965872794296,1.038712409941823,-4.05206706462978
