,78 and 93 - frame 120,78 and 93 - frame 122,78 and 93 - frame 124,78 and 93 - frame 126,78 and 93 - frame 128
residue 1,-4.551003388420233,-3.88448125203581,-2.361075761306462,-1.4920608027134896,-3.989064260888714
residue 2,23.933652108517634,28.468727426096187,19.773986030452107,26.484981895481777,29.26222458622834
residue 3,13.185108031813302,17.099355752656283,16.973182613074588,15.510997886554788,11.093249437094146
residue 4,-7.293156483416103,-10.223264176190979,-6.388909562196505,-2.790318186275351,-4.741327660494046
residue 5,-2.19282990801078,-1.7080786608492564,1.4197367910167176,-2.420595344320791,0.2479027811812981
residue 6,-5.543513369935671,-9.735012450521438,-10.750647042827318,-11.942157657872942,-11.844808882153497
residue 7,1.8555063307715132,-0.7470506622314539,-0.2664196111594374,-0.6855082612605458,-3.244104366569533
residue 8,36.86241985856602,41.93433915584226,43.45322056578275,42.27116861208357,39.623360726952974
residue 9,-14.399904648636715,-20.641088346912245,-22.018556688334563,-23.79974573794466,-27.39590705326091
residue 10,0.2573408968567743,0.6002687626634546,0.1016855475637525,0.28334156847638275,-0.48149370311740547
residue 11,-1.7215048078823616,-1.1680070272372947,-2.3041598902706375,-1.7452800649963733,-2.4283578817790357
residue 12,0.37985639706237073,0.025135575790760034,0.09376080168776786,0.3608655299390128,0.2628339782040237
residue 13,0.2493973395783807,0.3673053905567011,0.04398076249256767,0.33680820559158803,-0.005605741122951102
residue 14,-1.2345627547873539,-0.660044851422798,-1.7424172907797244,-1.3118018502614477,-1.3093532250051014
residue 15,-0.9040339974812541,-0.5037014851958345,-0.7914138624708215,-0.5201927375619773,-0.7857154210191477
residue 16,-4.44068496700203,-3.758056221302041,-4.640287676201073,-2.7888072327852518,-0.006200064239042236
residue 17,3.477812484853571,3.30491535631246,3.3820472685422045,3.173804698051738,3.671834971263823
residue 18,-1.0398822757006012,-1.6367369074701157,-1.8415105053067207,-1.9330626876590358,-1.6996049401012865
residue 19,-2.6803323039402485,-3.5301442348645855,-2.629152290094055,-2.9638923454256503,-2.3149308112079976
residue 20,9.053162030945353,8.324759282434819,8.200358097863807,8.48390243284836,8.986976307656885
residue 21,-0.5218447863735747,-0.1755951115315269,-2.698040196346378,-12.688043697044536,-4.761825068599823
